{"papagoat": 0.20880651473999023, "slyceu": 0.22387981414794922}