{"papagoat": 0.20880651473999023, "Guest": 0.28071141242980957}